{"cameraMode":{"drawMode":0,"name":"Shaded","section":"Shading Mode"},"sceneLighting":true,"audioPlay":false,"sceneViewState":{"showFog":true,"showMaterialUpdate":false,"showSkybox":true,"showFlares":true,"showImageEffects":true,"showParticleSystems":true,"showVisualEffectGraphs":true,"m_FxEnabled":true},"in2DMode":false,"pivot":{"x":-4.406711578369141,"y":3.5015811920166017,"z":5.4141693115234379},"rotation":{"x":0.06560474634170532,"y":0.6381325721740723,"z":-0.05466900020837784,"w":0.7651897072792053},"size":12.823616981506348,"orthographic":true}